slug,error,,,,,,,,
michelleprescott,,person,team,michelle.prescott,team,,,,
olivia-burman,,person,team,Olivia Burman,,,,,
davetaz,Learning,person,team,David Tarrant,,,,,
open-data-in-a-day-24-march-20155,Can't process open-data-in-a-day-24-march-20155 (Missing slug open-data-in-a-day-24-march-20155),courses,learning,,,,,,
timorgan,,person,team,tim.organ,,,,,
francine-bennett,,person,start-ups,Francine Bennett,,,,,
heather-savory,,person,writers,Heather Savory,,,,,
go-hit-it,,person,writers,Go-Hit-It-Off,,,,,
dunraven-school,,person,writers,Dunraven School,,,,,
alex-coley,,person,writers,Alex Coley,,,,,
students-st-martins,,person,writers,Students St Martins,,,,,
vasanth-subramanian,,person,writers,Vasanth Subramanian,,,,,
jonathan-raper,,person,start-ups,Jonathan Raper,,,,,
sarah-hitchcock,,person,writers,Sarah Hitchcock,,,,,
david-rhind-and-hugh-neffendorf,,person,writers,David Rhind and Hugh Neffendorf,,,,,
marcus-bointon,,person,writers,Marcus Bointon,,,,,
peter-west,,person,writers,Peter West,,,,,
mike-warren,,person,writers,Mike Warren,,,,,
steve-peters,,person,writers,Steve Peters,,,,,
open-data-so-what,,Course,learning,,,,,,
julie-freeman,,person,team,Julie Freeman,,,,,
blair-freebairn,,person,writers,Blair Freebairn,,,,,
harry-wood,,person,start-ups,Harry Wood,,,,,
andrew-fogg,,person,writers,Andrew Fogg,,,,,
dermot-joyce,,person,writers,Dermot Joyce,,,,,
nick-katz,,person,start-ups,Nick Katz,,,,,
charlotta-buxton,,person,writers,Charlotta Buxton,,,,,
jay-myers,,person,writers,Jay Myers,,,,,
yodit-stanton,,person,start-ups,Yodit Stanton,,,,,
iain-gray,,person,writers,Iain Gray,,,,,
helen-desmond,,person,Helen Desmond,,,,,,
mark-goodhead,,person,writers,Mark Goodhead,,,,,
nate-nash,,person,writers,Nate Nash,,,,,
simon-whitehouse,Can't save simon-whitehouse (Validation failed - Person tag must be specified.),person,Nesta,Simon Whitehouse,,,,,
dominic-cheetham,,person,writers,Dominic Cheetham,,,,,
tim-perry,,person,writers,Tim Perry,,,,,
anneza-pitsialis,,person,team,Anneza Pitsialis,,,,,
ben-worthy,,person,writers,Ben Worthy,,,,,
briony-phillips,,person,team,Briony Phillips,,,,,
keitha-booth,,person,writers,Keitha Booth,,,,,
catherine-king,,person,writers,Catherine King,,,,,
brian-hoadley,,person,writers,Brian Hoadley,,,,,
bea-schofield,,person,writers,Bea Schofield,,,,,
hugo-pinto,,person,writers,Hugo Pinto,,,,,
rand-hindi,,person,writers,Rand Hindi,,,,,
odi,Can't save odi (Validation failed - Team artefacts must have a team specified.),person,Open Data Institute,,,,,,
roland-harwood,,person,writers,Roland Harwood,,,,,
fred-saunderson,Can't save fred-saunderson (Validation failed - Team artefacts must have a team specified.),person,Fred Saunderson,,,,,,
sam-michel,Associate,person,team,Sam Michel,,,,,
matthew-sykes,,person,writers,Matthew Sykes,,,,,
nigel-shadbolt,,person,team,Sir Nigel Shadbolt,,,,,
timbl,,person,team,Sir Tim Berners-Lee,,,,,
objectives,Can't save objectives (Validation failed - Article tag must be specified.),odi,objectives,,,,,,
start-up-phase,Can't save start-up-phase (Validation failed - Article tag must be specified.),odi,start-ups,,,,,,
gavin-starks,,person,team,Gavin Starks,,,,,
stuart-coleman,,person,team,Stuart Coleman,,,,,
kathryn-corrick,,person,team,Kathryn Corrick,,,,,
michelle-prescott,,person,team,Michelle Prescott,,,,,
rob-bryan,,person,team,Rob Bryan,,,,,
louise-burke,,person,team,Louise Burke,,,,,
dr-david-tarrant,,person,team,Evil Dave,,,,,
jade-croucher,,person,team,Jade Croucher,,,,,
emma-thwaites,,person,team,Emma Thwaites,,,,,
tim-organ,,person,team,Tim Organ,,,,,
roger-hampson,,person,team,Roger Hampson,,,,,
sam-pikesley,,person,team,Sam Pikesley,,,,,
tom-heath,,person,team,Tom Heath,,,,,
james-smith,,person,team,James Smith,,,,,
stuart-harrison,,person,team,Stuart Harrison,,,,,
ulrich-atz,,person,team,Ulrich Atz,,,,,
phil-lang,,person,team,Phil Lang,,,,,
semiconductor,,person,writers,Semiconductor,,,,,
ben-garrod,,person,writers,Ben Garrod,,,,,
benedikt-gro-bertrand-clerc,,person,writers,Benedikt GroÃ & Bertrand Clerc,,,,,
ellie-harrison,,person,writers,Ellie Harrison,,,,,
fabio-lattanzi-antinori,,person,writers,Fabio Lattanzi Antinori,,,,,
la-soci-t-anonyme,,person,writers,La SociÃ©tÃ© Anonyme,,,,,
martin-john-callanan,,person,writers,Martin John Callanan,,,,,
phil-archer,,person,writers,Phil Archer,,,,,
stanza,,person,writers,Stanza,,,,,
20hz-2011,,data as culture,art,,,,,,
still-lifes-and-oscillators-1-2012,,data as culture,art,,,,,,
metrography-2012,,data as culture,art,,,,,,
vending-machine-2009,,data as culture,art,crisps,,,,,
obelisk-2012,,data as culture,art,,,,,,
skor-codex-2012,,data as culture,art,,,,,,
text-trends-2012,,data as culture,art,,,,,,
three-flames-ate-sun-and-big-stars-were-seen-2012,,data as culture,art,,,,,,
body-01000010011011110110010001111001-2012,,data as culture,art,,,,,,
vision,Can't save vision (Validation failed - Article tag must be specified.),ODI,vision,,,,,,
acceptable-use-policy,,ODI,policies,,,,,,
cookie-policy,,ODI,policies,,,,,,
terms-of-use,,ODI,policies,,,,,,
odi-website-launched,,news,launch,odi,,,,,
pg-certificate,Can't save pg-certificate (Validation failed - Article tag must be specified.),postgraduate certificate,courses,,,,,,
open-data-institute,,ODI,,,,,,,
ceo-gavin-starks,Can't save ceo-gavin-starks (Validation failed - Team artefacts must have a team specified.),news,ceo,odi,,,,,
odi-top-jobs,Can't save odi-top-jobs (Validation failed - Team artefacts must have a team specified.),news,press release,ceo,,,,,
joining-odi,Can't save joining-odi (Validation failed - Team artefacts must have a team specified.),blog,ceo,odi,,,,,
four-challenges-open-data,,blog,challenges,open data,,,,,
register-interest,,courses,postgraduate certificate,,,,,,
open-data-institute-appoints-stuart-coleman-commercial-director,Can't save open-data-institute-appoints-stuart-coleman-commercial-director (Validation failed - Team artefacts must have a team specified.),news,odi,,,,,,
register,Can't save register (Validation failed - Article tag must be specified.),events,hackathons,,,,,,
odi-moves-head-quarters,,news,odi,space,,,,,
happy-birthday-ogp,,blog,open government partnership,government,,,,,
odi-embraces-data-culture-art-commission,,data as culture,art,,,,,,
odi-responds-postcode-data-consultation,,news,open addresses,linked data,postcode address file,geo data,,,
guest-blog-odi-s-first-incubator-business-pioneering-open-data,,blog,business,mastodon c,start-ups,,,,
new-industrialists-part-1-open-data-enabling-new-primary-industry-or-speeding-existing-one,,blog,business,open data,,,,,
guest-blog-increasing-supply-public-sector-open-data,,blog,public sector,,,,,,
healthy-start-hackathons-odi,,blog,events,hackathons,health,,,,
game-set-and-match-how-small-problem-led-winning-idea-hack4health,,blog,events,hackathons,health,,,,
odi-takes-inspiration-lambeth-students-city-mash,,blog,education,hackathons,,,,,
dunraven-students-reflect-open-data-opportunities,,blog,education,hackathons,,,,,
guest-blog-open-and-linked-data-recipe-refreshed-public-services-and-better-businesses,,blog,public services,business,linked data,,,,
st-martins-students-their-data-mash,,blog,education,hackathons,,,,,
guest-blog-why-being-uk-based-matters-open-data-industry-emerges,,blog,UK,business,,,,,
inspiration-personal-data-odi-s-midata-hackathon,,events,hackathons,personal data,,,,,
guest-blog-lessons-commercialising-open-data-placr,,blog,start-ups,placr,business,,,,
branding,,brand,odi,,,,,,
guest-blog-geolytix-open-data-business-model,,blog,geolytix,business,geo data,,,,
curatorial-statement,,data as culture,art,,,,,,
guest-blog-public-sector-data-needs-its-own-national-information-framework,,blog,public sector,national information framework,visions,,,,
how-will-open-data-affect-me,,blog,open data,,,,,,
new-initiatives-combat-crime-open-data-0,,open data challenge series,open data challenge series,crime,,,,,
michalis-vafopoulos,,person,writers,,,,,,
library,,odi,library,,,,,,
about,Can't process about (Editing of an edition with an Archived artefact is not allowed),odi,about,,,,,,
uk-leads-demand-open-data-odi-opens-business,,news,business,uk,,,,,
uk-leads-world-emerging-open-data-industry-odi-opens-business,,news,business,deloitte,uk,,,,
community,,network,community,,,,,,
guest-blog-data-catalyst-growth,,blog,deloitte,members,,,,,
assets,,news,,,,,,,
space,,odi,space,,,,,,
long-held-ambition-realised-odi-opens-officially,,odi ,launch,,,,,,
odi-signs-agreement-world-bank-ministers-herald-official-opening,,news,mou,world bank,omidyar network,,,,
prescription-savings-worth-millions-identified-odi-incubated-company,,news,prescribing analytics,open data in action,mastodon c,start-ups,nhs,health,
millions-pounds-prescription-savings-identified-open-data-innovative-startups,,news,prescribing analytics,open data in action,mastodon c,start-ups,nhs,health,
odi-welcomes-new-investment-unlock-open-data,,news,,,,,,,
opendatachallengeseries,,open data challenge series,open data challenge series,,,,,,
pupil-data-should-not-be-open-data-says-odi,,news,national pupil database,personal data,anonymisation,,,,
11m-boost-open-data-innovation,,news,start-ups,technology strategy board,,,,,
open-data-and-national-pupil-database,,blog,national pupil database,personal data,,,,,
news-open-data-institute,,news,odi,,,,,,
guest-blog-great-prize-offer-embracing-open-data,,blog,,,,,,,
merry-christmas-odi,,blog,christmas,fun,,,,,
gains-opening-supermarket-pricing-information-should-not-be-under-estimated-says-odi,,news,uk,supermarkets,business,,,,
data-culture-recession-crisps-fuel-odi-staff,,blog,data as culture,art,crisps,,,,
reflections-year-highs-lows-and-moments-pride,,odi,blog,,,,,,
drafting-guide-open-data-business-cases,,guides,business,,,,,,
glasgow-wins-24m-boost-after-recognising-revolutionary-impact-open-data,,blog,glasgow,technology strategy board,smart cities,,,,
tech-team-week-notes-17,,tech team,notes,blog,,,,,
guest-blogopen-data-census-pac,,blog,census,geolytix,members,national statistics,,,
better-living-through-openness,,blog,tech team,,,,,,
keep-paf-public,,blog,open addresses,linked data,postcode address file,geo data,,,
tech-team-week-notes-18,,tech team,notes,,,,,,
what-is-data-science-really,,blog,data science,statistics,,,,,
tech-team-week-notes-19,,tech team,notes,,,,,,
guest-blog-new-and-unexpected-innovation-openstreetmap-weekend,,blog,openstreetmap,maps,innovation,hackathons,geo data,,
guest-blog-web-was-designed-documents-it-was-not-designed-data,,blog,html,world wide web,,,,,
open-addresses-and-linked-data,,blog,open addresses,linked data,postcode address file,geo data,,,
guest-blog-how-make-open-data-more-open-close-gaps,,blog,survey,uk,public sector,,,,
survey-shows-majority-uk-public-servants-recognise-importance-open-data,,news,survey,uk,public sector,,,,
tech-team-week-notes-20,,tech team,notes,,,,,,
how-make-business-case-open-data,,guides,business,open data,business models,,,,
revised-guide-open-data-business-cases,,blog,guides,business models,,,,,
odchallengeseriesdates,,open data challenge series,,,,,,,
odchallengeserieslead,,open data challenge series,,,,,,,
odi-launches-850k-scheme-create-businesses-open-data,,news,business,,,,,,
guest-blog-taking-pain-out-moving-house,,blog,housing,locatable,start-ups,buildings,,,
tech-team-week-notes-21,,tech team,notes,,,,,,
guest-blog-honest-buildings-joins-odi-start-ups,,blog,start-ups,honest buildings,buildings,,,,
odi-based-company-helps-londoners-understand-mayor-s-policing-plans,,news,london,locatable,start-ups,housing,public policy,buildings,
odi-welcomes-fifth-start-honest-buildings-takes-residence,,news,start-ups,buildings,,,,,
open-workflows-open-teams,,blog,tech team,github,workflow,,,,
odi-ceo-joins-mayor-s-smart-london-board,,news,smart london board,london,ceo,smart cities,cities,,
guest-blog-focus-45-return-investment,,blog,business,music,start-ups,,,,
guest-blog-what-white-goods-teach-us-about-open-data,,blog,business,,,,,,
tech-team-week-notes-22,,tech team,notes,,,,,,
code-europe-odi,,code for europe,events,,,,,,
guest-blog-women-data,,blog,women,,,,,,
draft-guides-licensing,,guides,licensing,,,,,,
guest-blog-innovation-and-growth,,blog,innovation,growth,business,start-ups,technology strategy board,,
innovating-open,,blog,innovation,,,,,,
tech-team-week-notes-23,,tech team,notes,,,,,,
virgin-media-and-which-join-open-data-institute-unlock-open-data-innovation,,blog,virgin media,which?,members,,,,
new-industrialists-part-2-open-data-market-makers,,blog,government,events,business,strategy,visions,,
tech-team-week-notes-24,,tech team ,notes,,,,,,
odi-partners-manchester-future-everything-summit,,blog,partners,future everything,manchester,,,,
on-data-science-with-open-data,,blog,data science,open data,statistics,,,,
guest-blog-millions-be-saved-adoption-data-standards,,blog,standards,visions,working with open data,,,,
tech-team-week-notes-25,,tech team,notes,,,,,,
guest-blog-open-data-market-makers,,blog,government,business,strategy,visions,,,
making-transparency-work-local-government,,transparency,local government,leeds,,,,,
open-data-immersion-programme-crime-and-justice-challenge-definition-day-minutes,,open data challenge series,crime,justice,open data,,,,
open-data-five-years-time-ukgovcamp-debate,,events,uk,discussion,,,,,
crime-and-justice-series,,open data challenge series,crime,justice,open data,,,,
guest-blog-data-mixology,,blog,visions,,,,,,
energy-and-environment-programme,,open data challenge series,energy,environment,open data,,,,
inspired-odi,,blog,career,,,,,,
guest-blog-crime-under-water,,blog,crime,open data challenge series,,,,,
tech-team-week-notes-26,,tech team,notes,,,,,,
tech-team-week-notes-27,,tech team,notes,,,,,,
guest-blog-open-data-blues-and-twos,,blog,crime,emergency services,,,,,
ghosts-calendars-and-cucumbers,,tech team,notes,blog,,,,,
odi-s-jeni-tennison-appointed-government-s-new-open-standards-board,Can't save odi-s-jeni-tennison-appointed-government-s-new-open-standards-board (Validation failed - Team artefacts must have a team specified.),uk government,jeni tennison,standards,,,,,
cornerstone-open-data-postcode-address-file,,addresses,postcode address file,geo data,blog,,,,
paf-decision-flies-face-government-commitments-odi,,government,postcode address file,geo data,blog,,,,
guest-blog-bingo-and-big-bang-theory-training-odi-style,,blog,training,,,,,,
odi-seeks-crime-and-justice-data-startups-ahead-blue-light-hackathons-weekend,,open data challenge series,crime,start-ups,,,,,
what-do-statisticians-think-big-data,,big data,blog,,,,,,
tech-team-week-notes-30,,tech team,notes,,,,,,
berners-lee-and-shadbolt-join-open-data-champions-odi-event,,tim berners-lee,nigel shadbolt,event,board,,,,
the-power-of-the-public-domain,,blog,world wide web,,,,,,
publishers-guide-open-data-licensing,,guides,licensing,publishing,,,,,
reusers-guide-open-data-licensing,,guides,licensing,,,,,,
published-guides-licensing,,guides,licensing,,,,,,
draft-guide-open-data-engagement,,guides,engagement,,,,,,
tech-team-week-notes-31,,tech team,notes,,,,,,
three-months-open-development,,blog,tech team,,,,,,
training-odi-it-s-date,,training,courses,,,,,,
odi-calls-government-act-fast-response-shakespeare-review,,uk government,blog,,,,,,
git-data-publishing,,github,publishing,,,,,,
tech-team-week-notes-33,,tech team,notes,,,,,,
guest-blog-hacking-public-services-better,,blog,hacking,,,,,,
odi-experience-data-moment-you-walk,,data,space,,,,,,
tech-team-week-notes-34,,tech team,notes,,,,,,
guest-blog-where-are-armchair-auditors,,blog,armchair auditors,,,,,,
guest-blog-crime-and-justice-open-data-sources-and-resources,,open data challenge series,crime,,,,,,
open-data-certificates-beta,,open data certificates,,,,,,,
tech-team-week-notes-36,,tech team,notes,,,,,,
open-data-institute-opens-g8-eyes-power-open-data,,g8,UK,,,,,,
odi-welcomes-information-economy-strategy-launched-g8-innovation-conference,,g8,UK,,,,,,
new-certificates-launched-help-everyone-discover-understand-and-use-open-data,,open data certificates,resuse,publishing,,,,,
odi-chairman-nigel-shadbolt-knighted-queen-s-birthday-honours,,nigel shadbolt,board,,,,,,
engaging-reusers,,reusers,community,,,,,,
data-cats,,cats,working with data,,,,,,
tech-team-week-notes-37,,tech team,notes,,,,,,
does-your-council-do-open-data,,local government,council data,,,,,,
machine-readable-rights-statements,,blog,rights,,,,,,
land-registry-goes-big-open-data,,land registry,blog,,,,,,
open-new-default,,blog,open by default,,,,,,
catalysing-open-data-culture-everyone-odi-nodes,,nodes,blog,,,,,,
tech-team-week-notes-39,,tech team,notes,,,,,,
power-open-data-reveals-global-corporate-networks,,business,blog,corporate,networks,,,,
peer-peer-lending-businesses-lead-way-opening-financial-data,,business,blog,p2p,peer to peer,financial,,,
tech-team-weeknotes-40,,tech team,notes,,,,,,
fig-data-11-tips-how-handle-big-data-r-and-1-bad-pun,,big data ,how to,R,,,,,
tech-team-week-notes-41,,tech team,notes,,,,,,
odi-welcomes-new-members,,members,blog,,,,,,
guest-blog-innovating-drive-new-economic-insight-new-zealand-s-open-transport-data,,blog,new zealand,transport,,,,,
what-national-information-infrastructure,,national data infrastructure,,,,,,,
tech-team-week-notes-42,,tech team,notes,,,,,,
training-newsletter-test,,training,newsletter,,,,,,
knowledge-everyone-my-first-few-months-odi-training-team,,training,,,,,,,
exploring-compatibility-between-data-licences,,licensing,blog,,,,,,
tech-team-week-notes-43,,tech team,notes,,,,,,
adapting-git-simple-data,,git hub,blog,how to,,,,,
tech-team-week-notes-44,,tech team,notes,,,,,,
member-blog-introducing-importio,,members,blog,,,,,,
new-startups-announced-reducing-government-energy-costs-and-shining-light-public-sector,,start-ups,government,,,,,,
odi-telef-nica-and-mit-set-data-challenge-campus-party-2013,,telefonica,mit,,,,,,
member-blog-risk-vs-opportunities-finding-balance-data,,members,blog,,,,,,
smart-london,,smart cities,cities,london,uk,,,,
open-data-season-underway-odi-attends-us-conferences,,usa,blog,,,,,,
member-blog-creating-fruitful-partnerships-open-data,,blog,member,partnerships,community,,,,
new-odi-partnership-seeks-bring-benefits-open-data-developing-countries,,blog,OK,partnership,,,,,
lobbyist-register-should-be-open-data,,blog,lobbyist,,,,,,
call-for-data-art-curators,,data as culture,curators,,,,,,
guest-blog-opening-local-government-spending-was-it-worth-it,,blog,government,spending,UK,,,,
odi-summit-open-data-submission-call,,events,ODI Summit,,,,,,
member-blog-post-transition-towards-transparency,,blog,transparency,100%Open,,,,,
odi-celebrates-first-birthday-announcing-university-southampton-honorary-partner,,news,birthday,ODI,,,,,
guest-post-shifting-environments-at-the-odi,,blog,ODI,,,,,,
odi-startup-demand-logic-saves-king-s-college-london-390000-year-energy-costs,,blog,demand logic,kings college,,,,,
odi-summit-qa-dr-loren-treisman,,event,ODI summit,,,,,,
odi-summit-qa-michael-flowers,,event,ODI summit,,,,,,
reliable-open-data,,guides,open data,,,,,,
new-initiatives-combat-crime-open-data,,news,open data challenge series,stolen bikes,total car check,deaf justice,,,
odi-summit-qa-francine-bennett,,events,ODI summit,Mastadon C,Francine Bennett,,,,
possible-paf-licence-revision,,postcode address file,geo data,addresses,,,,,
proposed-amendments-individual-pupil-information-prescribed-persons,,regulations,schools,pupils,,,,,
improving-local-government-transparency,,guide,local,transparency,,,,,
code-practice-datasets,,guide,code of practice,,,,,,
postcode-address-file-ofcom,,PAF,postcodes,,,,,,
independent-public-sector-information-review,,public sector,information review,,,,,,
open-government-partnership-uk-draft-national-action-plan-2013,,open government partnership,uk,2013,,,,,
mastodon-c-case-study,,case study,Mastodon C,start-ups,,,,,
locatable-case-study,,case study,Locatable,start-ups,,,,,
placr-case-study,,case study,Placr,start-ups,,,,,
opencorporates-case-study,,case study,OpenCorporates,start-ups,,,,,
spend-network-0-case-study,,case study,Spend Network,start-ups,,,,,
provenance-case-study,,case study,Provenance,start-ups,,,,,
demand-logic-case-study,,case study,Demand Logic,start-ups,,,,,
carbonculture-case-study,,case study,CarbonCulture,start-ups,,,,,
open-bank-project-case-study,,case study,Open Bank Project,start-ups,,,,,
placr,,start-ups,Placr,,,,,,
locatable,,start-ups,Locatable,,,,,,
mastodon-c,,start-ups,Mastodon C,,,,,,
honest-buildings,,start-ups,Honest Buildings,,,,,,
spend-network,,start-ups,Spend Network,,,,,,
finance-and-office-manager,,jobs,Finance and Office Manager,,,,,,
marketing-and-communications-manager-and-executive-assistant-pa,,jobs,Marketing & Communications Manager / Executive Assistant (PA),,,,,,
membership-relationship-coordinator,,jobs,Membership Relationship Coordinator,,,,,,
partner-manager,,jobs,Partner Manager,,,,,,
open-data-practice,,course,learning,,,,,,
introduction-open-data-journalists-finding-stories-data,,course,learning,journalism,storytelling,,,,
open-data-marketers,,course,learning,,,,,,
open-data-law-and-licensing-2013-04-17,,course,learning,law,,,,,
open-data-practice-2013-04-08,,course,learning,,,,,,
introduction-open-data-journalists-finding-stories-data-2013-04-23,,course,learning,,,,,,
open-data-practice-2013-09-23,,course,learning,,,,,,
open-data-practice-2013-07-15,,course,learning,,,,,,
open-data-practice-2013-11-18,,course,learning,,,,,,
open-data-law-and-licensing-2013-10-22,,course,learning,law,,,,,
beginners-guide-open-data-2013-10-28,,course,learning,,,,,,
open-data-day-2014-01-23,,course,learning,,,,,,
open-data-practice-2014-02-03,,course,learning,,,,,,
open-data-marketers-2014-01-22,,course,learning,marketing,,,,,
procurement,,procurement,policy,odi,,,,,
pez,Can't save pez (Validation failed - Team artefacts must have a team specified.),person,,,,,,,
friday-lunchtime-lecture-open-data-as-musical-material,,odifridays,music,leeds,events,,,,
friday-lunchtime-lecture-how-politicians-lie-with-data,,odifridays,politics,lies,events,,,,
friday-lunchtime-lecture-burn-the-digital-paper-a-call-to-arms,,odifridays,events,,,,,,
friday-lunchtime-lecture-whats-the-point-of-cultural-open-data,,odifridays,culture,events,,,,,
show-me-the-future-of-food-and-open-data,,event,food,events,,,,,
odi-summit-qa-with-martin-tisne,,ODI Summit,events,,,,,,
a-bigger-and-better-us-introducing-our-two-newest-members,Can't save a-bigger-and-better-us-introducing-our-two-newest-members (Validation failed - Kind is not included in the list.),news,members,,,,,,
a-bigger-and-better-introducing-our-two-newest-members,Can't save a-bigger-and-better-introducing-our-two-newest-members (Validation failed - Kind is not included in the list.),news,members,,,,,,
a-bigger-and-better-introducing-our-newest-members,,news,members,,,,,,
odi-summit-qa-with-julie-freeman,,ODI Summit,Julie Freeman,,,,,,
odi-summit-qa-with-dr-david-tarrant,,ODI Summit,David Tarrant,,,,,,
odi-summit-qa-with-christopher-graham,,ODI Summit,Christopher Graham,,,,,,
newsletters,,newsletters,odi,,,,,,
odi-summit-qa-with-kevin-merritt,,ODI Summit,events,,,,,,
odi-summit-qa-with-beth-simone-noveck,,ODI Summit,events,,,,,,
standing-on-the-shoulders-of-gds,,blog,GDS,,,,,,
the-power-of-open,,blog,open,,,,,,
international-development-manager,,jobs,,,,,,,
odi-reveals-impact-of-london-fire-station-closures-using-open-data,,stories,london,fire stations,blog,,,,
gothenburg,,node,Gothenburg,network,,,,,
moscow,,node,Moscow,network,,,,,
usa,,node,USA,network,,,,,
chicago,,node,Chicago,network,,,,,
trento,,node,Trento,network,,,,,
manchester,,node,Manchester,network,,,,,
brighton,,node,Brighton,network,,,,,
dubai,,node,Dubai,network,,,,,
paris,,node,Paris,network,,,,,
buenos-aires,,node,Buenos Aires,network,,,,,
leeds,,node,Leeds,network,,,,,
gold-coast,,node,Gold Coast,network,,,,,
odp4d-faqs,,partnership for development,faq,,,,,,
odi-global-network-announced,,News,global,network,nodes,,,,
preserving-data-for-future-generations,,data as culture,skor codex,art,blog,,,,
samantha-haines,,person,samantha haines,,,,,,
friday-lunchtime-lecture-how-to-build-an-open-data-centric-organisation,,ODIFridays,business,,,,,,
odis-first-year-annual-report,,annual report,year one,,,,,,
why-public-data-is-not-the-same-as-open-data,,blog,public,,,,,,
the-open-data-consumers-checklist,,guide,checklist,,,,,,
what-is-data-exploring-the-question-that-no-one-asks,,guide,data,questions,,,,,
alicia-weekes,,person,Alicia Weekes,,,,,,
friday-lunchtime-lecture-an-open-data-christmas,,odifridays,events,christmas,,,,,
david-tarrant,,person,David Tarrant,,,,,,
open-data-bonanza,,blog,UK,,,,,,
greg-elliott,,person,Greg Elliot,,,,,,
guest-post-restoring-faith-in-financial-economics-requires-open-data,,blog,economics,uk,,,,,
tech-team-week-notes-56,,blog,tech team,,,,,,
building-better-businesses-meaning-2013,,blog,business,uk,,,,,
georgia-phillips,,person,Georgia Phillips,,,,,,
tom-armitage,,person,Tom Armitage,,,,,,
amy-williams,,person,Amy Williams,,,,,,
node-github-link,,node,github,,,,,,
startup-application,,start-ups,application,network,,,,,
odi-signs-open-data-memorandum-of-understanding-with-republic-of-korea,,blog,republic of korea,memorandum,,,,,
the-proliferation-of-open-government-licences,,blog,open government licences,OGL,UK,,,,
node-knowledge-november-2013,,blog,node,global,network,2013,,,
introduction-to-open-data-for-journalists-finding-stories-in-data-27-february-2014,,course,learning,,,,,,
open-participation-public-participation-and-open-government-data,,blog,open data,public,,,,,
investigating-the-british-open-data-ecosystem,,blog,Britain,ecosystem,,,,,
bbc-signs-open-data-agreement-with-odi-deloitte-and-arup-join-membership-programme,,blog,bbc,,,,,,
typhoon-haiyan-and-the-humanitarian-openstreetmap-team,,blog,openstreetmap,typhoon,haiyan,environmental,,,
the-data-catalogue-update-hypothesis,,blog,catalogue,,,,,,
elnaz-moshfeghian,,person,Elnaz Moshfeghian,,,,,,
irina-radchenko,,person,Irina Radchenko,,,,,,
jason-hare,,person,Jason Hare,,,,,,
odi-summit-catherine-bracy-lightning-talk,,talk,ODI summit,events,catherine bracy,code for america,citizen participation,video,
odi-summit-drew-hemment-lightning-talk,,talk,ODI summit,events,drew hemment,future everything,cities,video,
the-odi,,ODI,,,,,,,
ralph-cochrane,,person,writers,Ralph Cochrane,,,,,
how-to-get-developers-to-use-your-open-data,,blog,developers,open data,,,,,
odi-summit-dr-david-tarrant-lightning-talk,,talk,ODI summit,events,david tarrant,emergency services,dataviz,video,
odi-summit-jonathan-raper-lightning-talk,,talk,ODI summit,events,jonathan raper,transport,public services,transportapi,video
odi-summit-francine-bennett-lightning-talk,,talk,ODI summit,events,francine bennett,start-ups,mastodonc,video,
odi-summit-chris-taggart-lightning-talk,,talk,ODI summit,events,chris taggart,open corporates,video,open data,
odi-nodes-moscow-context-and-agenda,,nodes,moscow,,,,,,
odi-summit-sir-nigel-shadbolt-keynote-address,,talk,ODI summit,events,nigel shadbolt,video,,,
odi-summit-sir-tim-bernerslee-keynote-address,,talk,ODI summit,events,tim berners-lee,world wide web,video,,
odi-summit-michael-flowers-lighting-talk,,talk,ODI summit,events,government,services,michael flowers,video,
odi-summit-liam-maxwell-keynote-address,,talk,ODI summit,events,liam maxwell,video,government,,
friday-lunchtime-lecture-five-lessons-from-a-decade-working-with-open-data,,lecture,mysociety,open data,odifridays,society,,,
five-stages-of-data-grief,,data management,jeni tennison,blog,,,,,
mal-primet,,person,writers,,,,,,
leveraging-opendata-to-ameliorate-the-life-in-cities,,cities,open data,blog,,,,,
odrs-reusers-guide,,guide,reuse,open data rights,machine reading,working with open data,,,
francesca-de-chiara,,person,nodes,,,,,,
the-odi-in-trento,,nodes,trento,,,,,,
open-data-in-a-day-11-february-2014,,course,open data in a day,,,,,,
dr-mal-primet,,person,,,,,,,
cc-40-and-open-data,,creative commons,licensing,,,,,,
simon-webbon,,person,,,,,,,
drew-hemment,,person,,,,,,,
dapaas-about,,dapaas,,,,,,,
dapaas-work-packages,,dapaas,,,,,,,
odi-and-taiwans-open-data-alliance-sign-up-to-open-data-collaboration,,taiwan,odi,,,,,,
diffing-csv-files-in-ruby,,csv,how to,ruby,blog,working with open data,,,
friday-lunchtime-lecture-typhoon-crisis-mapping-with-openstreetmap,,odifridays,lectures,openstreetmap,maps,working with open data,,,
friday-lunchtime-lecture-licensed-open-using-law-with-attitude,,odifridays,lectures,licensing,law,,,,
dapaas-reports,,dapaas,,,,,,,
dapaas-reports-2,,dapaas,,,,,,,
dapaas-reports-3,,dapaas,,,,,,,
test-dapaas-content,,dapaas,,,,,,,
dapas-consortium-partners,,dapaas,,,,,,,
odi-open-data-institute,,odi ,,,,,,,
building-a-cloudfiles-appliance-with-a-raspberry-pi,,how to,blog,raspberry pi,working with open data,,,,
ontotext,,ontotext,members,,,,,,
saltlux,,dapaas,,,,,,,
sintef,,dapaas,,,,,,,
dapaas-sirma,,dapaas,,,,,,,
dapaas-swirrl,,dapaas,,,,,,,
press-release-research-at-the-odi-announcing-dapaas-and-opendatamonitor,,dapaas,,,,,,,
moving-a-github-tag-with-travis,,how to,travis,blog,gihub,,,,
odi-summit-sir-tim-berners-lee-sir-nigel-shadbolt-bill-thomspson-fireside-chat,,discussion,ODI summit,events,tim berners-lee,nigel shadbolt,bill thompson,history,
dapaas-consortium,,dapaas,,,,,,,
dapaas-events,,dapaas,,,,,,,
dapaas-contact-us,,dapaas,,,,,,,
odi-summit-data-as-culture-panel,,discussion,ODI summit,events,,,,,
dapaas-deliverables,,dapaas,,,,,,,
odi-summit-open-data-so-what-panel,,discussion,ODI summit,events,,,,,
odi-summit-open-for-business-panel,,discussion,ODI summit,event,,,,,
dapaas-terms-of-use,,dapaas,,,,,,,
dapaas-cookie-policy,,dapaas,,,,,,,
dapaas-privacy-policy,,dapaas,,,,,,,
ordnance-surveys-geovation-challenge,,blog,ordnance survey,,,,,,
dapaas-links,,dapaas,,,,,,,
dapaas-related-projects,,dapaas,,,,,,,
dapaas-events-edf,,dapaas,,,,,,,
education-open-data-challenge-series,,open data challenge series,education,,,,,,
energy-and-environment-open-data-challenge,,open data challenge series,energy,environment,,,,,
letter-to-santa-2013,,blog,christmas,visions,open data,jeni tennison,,,
odi-celebrates-new-year-obe-for-technical-director-jeni-tennison,,news,jeni tennison,,,,,,
friday-lunchtime-lecture-can-open-data-improve-public-procurement,,odifridays,lecture,government,procurement,,,,
announcing-the-new-curator-for-data-as-culture-2014,,news,data as culture,,,,,,
dapaas-media-assets,,dapaas,,,,,,,
dapaas-events-futureeverything,,dapaas,,,,,,,
dapaas-events-okfestival,,dapaas,,,,,,,
fbk-digital-commons-lab-is-the-official-odi-node-in-trento,Can't process fbk-digital-commons-lab-is-the-official-odi-node-in-trento (Missing slug fbk-digital-commons-lab-is-the-official-odi-node-in-trento),nodes,trento,,,,,,
waldo-jaquith,,person,,,,,,,
2014-the-year-of-csv,,blog,csv,spreadsheets,tools,open data,,,
tools-for-working-with-csv-files,,csv,blog,tools,working with open data,,,,
estimating-your-market-potential-with-open-data,,blog,business,statistics,how to,,,,
japan-open-data,,members,japan,,,,,,
chicago-node-news-2014,,nodes,chicago,,,,,,
soichiro-takagi,,person,,,,,,,
open-data-in-a-day-2014-05-06,,courses,open data in a day,,,,,,
education-open-data-meet-up,,open data challenge series,eduction,events,,,,,
friday-lunchtime-lecture-open-data-the-dark-side,,odifridays,lecture,alan patrick,thinking,,,,
friday-lunchtime-lecture-what-open-data-do-we-need-for-a-cleaner-greener-world,,odifridays,lectures,environment,climate change,,,,
gregor-boyd,,person,,,,,,,
treating-content-as-data,,blog,data,working with data,,,,,
open-data-in-practice-2014-03-31,,courses,open data in practice,,,,,,
odcs-crime-justice-pitch-event,,open data challenge series,crime,justice,events,,,,
odi-summit-2013-video,,video,ODI summit,events,,,,,
open-data-in-practice-2014-05-12,,courses,open data in practice,,,,,,
max-van-kleek,,person,trainer,,,,,,
francis-davey,,person,trainer,law,,,,,
friday-lunchtime-lecture-so-you-want-to-build-an-open-data-business,,odifridays,lectures,business,start-ups,events,,,
canada-node-news-2014,,nodes,canada,,,,,,
usa-node-news-2014,,nodes,usa,,,,,,
brighton-node-news-2014,,nodes,bighton,,,,,,
dubai-node-news-2014,,nodes,dubai,,,,,,
leeds-node-news-2014,,nodes,leeds,,,,,,
manchester-node-news-2014,,nodes,manchester,,,,,,
north-caroline-node-news-jan-2014,,nodes,north carolina,,,,,,
paris-node-news-january-2014,,nodes,paris,,,,,,
trento-node-news-2014,,nodes,trento,,,,,,
buenos-aires-node-news-2014,,nodes,buenos aires,,,,,,
gothenburg-node-news-2014,,nodes,gothenburg,,,,,,
moscow-node-news-2014,,nodes,moscow,,,,,,
friday-lunchtime-lecture-spreadsheets-and-weathervanes,,odifridays,lectures,spreadsheets,design,art,tom armitage,,
friday-lunchtime-lecture-open-source-finance-first-steps-of-p2p-lending,,odifridays,lectures,finance,business,banking,p2p,lending,
friday-lunchtime-lecture-open-source-finance-what-would-it-look-like,,odifridays,lectures,finance,business,,,,
friday-lunchtime-lecture-faceless-what-if-all-our-lives-were-recorded,,odifridays,lectures,personal data,privacy,art,culture,society,visions
friday-lunchtime-lecture-opening-up-government-spending-was-is-worth-it,,odifridays,lectures,government,spending,local government,,,
friday-lunchtime-lecture-healthcare-data-collection-for-good-or-ill,,odifridays,lectures,health,personal data,thinking,anonymisation,,
friday-lunchtime-lecture-which-university-finding-an-answer-via-open-data,,odifridays,lectures,education,universities,which?,,,
friday-lunchtime-lecture-running-around-naked-building-technology-in-the-open,,odifridays,lectures,working with open data,technology,how to,,,
friday-lunchtime-lecture-data-as-the-divine,,odifridays,lectures,the divine,philosophy,,,,
friday-lunchtime-lecture-citizen-finland-crowdsourcing-legislation,,odifridays,lectures,citizens,legislation,government,democracy,crowd sourcing,finland
friday-lunchtime-lecture-can-open-data-help-unleash-open-government,,odifridays,lectures,government,,,,,
friday-lunchtime-lecture-transparency-for-fun-and-profit,,odifridays,lectures,transparency,business,,,,
friday-lunchtime-lecture-why-data-geeks-dont-make-decisions,,odifridays,lectures,thinking,statistics,,,,
friday-lunchtime-lecture-will-open-data-give-citizens-super-powers,,odifridays,lectures,citizens,working with data,,,,
friday-lunchtime-lecture-a-story-of-new-climate-data-old-polar-archives,,odifridays,lectures,science fiction,storytelling,environment,history,climate change,
friday-lunchtime-lecture-will-androids-dream-of-sheep-data,,odifridays,lectures,future,science fiction,,,,
friday-lunchtime-lecture-democracy-and-data,,odifridays,lectures,democracy,government,transparency,,,
friday-lunchtime-lecture-data-as-culture,,odifridays,lectures,data as culture,culture,art,,,
friday-lunchtime-lecture-how-to-unlock-more-value-from-government-data,,odifridays,lectures,government,business,working with open data,,,
friday-lunchtime-lecture-building-an-open-digital-public-space,,odifridays,lectures,bill thompson,bbc,culture,society,,
bill-roberts,,person,,,,,,,
friday-lunchtime-lecture-privacy-in-an-open-data-world,,odifridays,lectures,personal data,privacy,open data,,,
friday-lunchtime-lecture-building-an-open-world,,odifridays,lectures,government,thinking,visions,,,
friday-lunchtime-lecture-getting-to-grips-with-the-national-pupil-database,,odifridays,lectures,education,national pupil database,personal data,anonymisation,,
friday-lunchtime-lecture-the-business-of-open-data-wheres-the-benefit,,odifridays,lectures,business,,,,,
friday-lunchtime-lecture-how-can-open-data-revolutionise-your-rail-travel,,odifridays,lectures,transport,rail,,,,
friday-lunchtime-lecture-legislation-as-data,,odifridays,lectures,legislation,,,,,
friday-lunchtime-lecture-big-data-comes-to-the-nhs,,odifridays,lectures,health,,,,,
friday-lunchtime-lecture-opening-up-government-spending,,odifridays,lectures,government,spending,transparency,,,
friday-lunchtime-lecture-what-should-datagovuk-be,,odifridays,lectures,data.gov.uk,government,,,,
my-certificate-is-open-a-week-of-training-at-the-odi,,blog,training,open data certificates,,,,,
matthew-brown,,person,,,,,,,
product-project-manager,,jobs,,,,,,,
people-development-coordinator,,jobs,,,,,,,
jarred-mcginnis,,person,,,,,,,
guest-post-linked-open-data-and-modern-day-publishing,,blog,linked data,,,,,,
open-data-challenge-crime-winner,,open data challenge series,crime,justice,transport,,,,
marin-dimitrov,,person,,,,,,,
how-to-use-r-to-access-data-on-the-web,,blog,how to,R,statistics,,,,
dapaas-partner-amanda-smith,,dapaas,,,,,,,
training-faqs,,training,courses,,,,,,
trainer,,jobs,,,,,,,
open-data-technologies-2014-06-02,,courses,open data technologies,,,,,,
researcher-social-sciences,,jobs,,,,,,,
dapaas-reports-open-daas-requirements-design-architecture-specification,,dapaas,,,,,,,
brian-elvesater,,person,,,,,,,
dapaas-partner-brian-elvesater,,dapaas,person,,,,,,
partnership-for-open-data-impact-stories-competition,,blog,competition,,,,,,
rahul-ghosh,,person,writers,,,,,,
the-status-of-csvs-on-datagovuk,,blog,csv,data.gov.uk,case studies,government,,,
odi-accelerates-government-open-data-expertise-with-new-funding,,news,government,funding,,,,,
a-look-at-open-data-in-2014,,blog,open data,review,,,,,
odi-node-knowledge-feb-2014,,nodes,,,,,,,
friday-lunchtime-lecture-what-difference-does-linked-data-make-to-maps,,odifridays,lectures,linked data,maps,ordnance survey,,,
odi-research-priorities-for-2014,,blog,research,,,,,,
friday-lunchtime-lecture-harnessing-public-data-for-journalism,,odifridays,lectures,journalism,data journalism,,,,
energy-environment-open-data-challenge-meet-up,,open data challenge series,energy,environment,events,,,,
open-data-in-a-day-21-may-2014,,courses,open data in a day,leeds,,,,,
assessment-of-suppliers-of-open-digital-services,,tenders,procurement,,,,,,
business-manager-training,,jobs,,,,,,,
executive-assistant,,jobs,,,,,,,
business-support-administrator,,jobs,,,,,,,
the-odi-and-sir-nigel-shadbolt-are-at-cebit-2014,,blog,,,,,,,
the-odi-and-sir-nigel-shadbolt-are-at-cebit,,blog,nigel shadbolt,cebit,,,,,
entering-the-age-of-open-data-business,,blog,,,,,,,
finding-stories-in-open-data-20-may-2014,,courses,finding stories in open data,data journalism,,,,,
friday-lunchtime-lecture-armchair-auditor-in-action-mapping-uk-shale-gas-extraction,,odifridays,lectures,environment,maps,dataviz,working with open data,how to,
jobs-events-coordinator,,jobs,,,,,,,
marisa-clarke,,person,,,,,,,
finding-stories-in-open-data-29-july-2014,,courses,finding stories in open data,,,,,,
odileeds-latest-news,,nodes,leeds,,,,,,
odi-hails-mps-demand-for-greater-transparency-in-public-sector-outsourcing,,news,government,public sector,procurement,outsourcing,,,
odi-welcomes-recommendations-to-open-public-data,,news,government,public data,public sector,,,,
data-sharing-is-not-open-data,,blog,open data,shared data,guide,,,,
leeds-node-news-we-have-a-home,,nodes,leeds,,,,,,
new-open-data-projects-help-parents-to-get-involved-in-their-childs-education,,open data challenge series,news,education,,,,,
odi-partners,,members,partners,,,,,,
data-as-culture-2014-curators-statement,,data as culture,art,,,,,,
data-as-culture-2012,,data as culture,art,,,,,,
friday-lunchtime-lecture-why-anonymity-fails,,odifridays,lectures,anonymisation,personal data,privacy,statistics,,
odi-startup-programme-intake-3,,start-ups,,,,,,,
machi-takahashi,,person,,,,,,,
burt-lum,,person,,,,,,,
data-as-culture-who-really-owns-our-data,,data as culture,art,,,,,,
data-as-culture-2014-in-photographs,,data as culture,,,,,,,
using-open-data-to-help-communities-take-control-of-their-energy-usage,,open data challenge series,energy,environment,,,,,
odi-connect-march-2014-in-photographs,,members,events,odiconnect,,,,,
friday-lunchtime-lecture-data-as-culture-2014,,odifridays,lectures,data as culture,art,,,,
open-and-linked-data-meet-up-8th-april-seoul,,events,nodes,seoul,linked data,open data,,,
emer-coleman,,person,writers,,,,,,
mind-the-dentistry-gap,,blog,health,,,,,,
gavin-chait,,person,writers,,,,,,
odi-and-mztek-shortlisted-for-35th-arts-business-awards,,news,data as culture,,,,,,
open-data-law-and-licensing-8-july-2014,,courses,open data law and licensing,licensing,law,,,,
show-me-the-future-of-the-built-environment-and-open-data,,events,odifutures,future,built environment,cities,smart cities,,
mellissa-norman,,person,trainer,,,,,,
one-year-of-odi-training,,blog,training,,,,,,
friday-lunchtime-lecture-the-value-of-open-data-to-business-the-open-data-500-study,,odifridays,lectures,business,,,,,
friday-lunchtime-lecture-generation-rent-empowering-tenants-through-open-data,,odifridays,lectures,housing,society,,,,
policy-lead,,jobs,,,,,,,
data-as-culture-2014-collection,,data as culture,art,,,,,,
odi-membership-ambitions-priorities-for-2014,,blog,members,,,,,,
introducing-csvlint,,blog,csv,how to,tools,working with open data,,,
koreas-bright-open-data-future,,blog,www2014,node,korea,,,,
a-new-era-of-data-innovation,,blog,responsible business week,,,,,,
talking-about-a-data-revolution-livestream,,video,data revolution,post 2015 development framework,,,,,
open-data-in-practice-2125-july-2014,,course,open data in practice,,,,,,
open-data-in-a-day-24th-june-2014,,course,open data in a day,,,,,,
open-data-in-a-day-2014-06-24,,course,open data in a day,,,,,,
open-data-in-a-day-5th-august-2014,,course,open data in a day,,,,,,
open-data-in-practice-21-25-july-2014,,course,open data in practice,,,,,,
open-data-in-a-day-23-september-2014,,course,open data in a day,,,,,,
open-data-in-practice-15-19-september-2014,,course,open data in practice,,,,,,
friday-lunchtime-lecture-open-corporates-understanding-complex-corporate-networks-the-open-data-way,,odifridays,corporate data,,,,,,
publishing-open-statistical-data,,ons,Statistical,Data,,,,,
french-president-talks-open-data-with-odi-paris-and-odi-supporter-snips-at-exclusive-honorary-lunch,,nodes,fivebyfive,Paris,,,,,
liz-carolan,,person,,,,,,,
senior-account-manager,,jobs,,,,,,,
friday-lunchtime-lecture-why-selling-peoples-medicaltaxschool-records-isnt-open-data,,odifridays,medical records,lecture,,,,,
philadelphia,,nodes,philadelphia,,,,,,
housing-an-open-data-challenge-and-an-opportunity,,open data challenge series,housing data,,,,,,
introducing-philbot,,blog,storage,raspberry pi,,,,,
odi-leeds-goes-live,,nodes,leeds,,,,,,
lauren-hutton,,person,,,,,,,
test-dapaas-content-2,,dapaas,,,,,,,
another-test-dapaas-thing,,dapaas,,,,,,,
yet-another-dapaas-test,,dapaas,,,,,,,
dapaas-partner-tom-heath,Can't save dapaas-partner-tom-heath (Validation failed - Team artefacts must have a team specified.),person,,,,,,,
dapaas-partner-marin-dimitrov,,person,,,,,,,
dapaas-partner-dumitru-roman,,person,,,,,,,
dapaas-partner-bill-roberts,,person,,,,,,,
dapaas-partner-momchill-zarev,,person,,,,,,,
dapaas-partner-tony-lee,,person,,,,,,,
dapaas-partner-ivan-berlocher,,person,,,,,,,
dapaas-partner-seonho-kim,,person,,,,,,,
dapaas-partner-alex-simov,,person,,,,,,,
dapaas-partner-ric-roberts,,person,,,,,,,
dapaas-partner-arne-jorgen-berre,,person,,,,,,,
pikettys-capital-changed-the-global-discussion-around-inequality-because-it-uses-great-data-now-make-it-open,,blog,piketty,capital in the twenty-first century,,,,,
writer-editor,,jobs,,,,,,,
dapaas-partner-rick-moynihan,,dapaas,,,,,,,
mapping-lubumbashi-with-the-humanitarian-openstreetmap-team,,events,medicins sans frontieres,openstreetmap,osm,maps,,,
dapaas-reports-deliverable-1-point-1,,dapaas,,,,,,,
open-data-readiness-assessment,,blog,botswana,e-government,,,,,
dapaas-deliverables-reports,,dapaas,,,,,,,
open-data-challenge-series-open-data-innovation-changing-communities-and-energy-usage-for-the-better,,odifridays,open data challenge series,energy,,,,,
clara-lewis,,person,,,,,,,
ana-pichon,,person,,,,,,,
friday-lunchtime-lecture-oceans-of-data,,odifridays,oceans,,,,,,
odi-and-mztek-win-arts-business-new-sponsorship-award,,data as culture,MzTek,,,,,,
jonathan-stoneman,,person,,,,,,,
seoul,,nodes,seoul,,,,,,
seoul-node,,nodes,seoul,,,,,,
csvhub-github-diffs-for-csv-files,,blog,csvhub,github,,,,,
collaborating-on-european-election-data-in-github,,blog,election data,github,,,,,
osaka,,nodes,osaka,,,,,,
programme-assistant-international,,jobs,,,,,,,
friday-lunchtime-lecture-open-data-on-the-secret-lives-of-buildings,,odifridays,buildings data,,,,,,
dapaas-factsheet,,dapaas,,,,,,,
deliverable-11-open-daas-requirements-design-architecture-specification,,dapaas,,,,,,,
deliverable-21-open-paas-requirements-design-architecture-specification,,dapaas,,,,,,,
deliverable-31-analysis-requirements-design-architecture-specification-for-the-data-access-framework,,dapaas,,,,,,,
deliverable-51-use-case-definition-and-requirements-analysis,,dapaas,,,,,,,
dapaas-deliverable-62-impact-creation-strategy,,dapaas,,,,,,,
data-as-culture-artist-stanzas-real-time-city-of-bits-installation-opens-in-norway,,dataasculture,dac,art,norway,stanza,,,
odi-researchers-nominated-for-best-paper-award-at-cedem14,,blog,cedem14,,,,,,
guest-post-data-jam-exploring-creative-uses-of-open-data,,blog,data jam,,,,,,
charlotte-elizabeth-webb,,person,Charlotte Elizabeth Webb,,,,,,
harvey-lewis,,person,Harvey Lewis,,,,,,
a-step-forward-for-democratic-engagement,,blog,democratic data,local council elections,,,,,
friday-lunchtime-lecture-open-data-innovations-for-social-good,,odifridays,social good,open data challenge series,,,,,
continuously-deploying-your-chef-cookbooks-in-travis,,blog,chef,cookbooks,,,,,
open-data-in-the-judiciaries-of-argentina-chile-and-uruguay,,blog,argentina,chile,cippec,,,,
internships-at-the-open-data-institute,,jobs,internships,,,,,,
burkina-faso-launches-open-data-initiative-with-mentoring-from-the-odi-and-funding-from-the-world-bank,,partnership for open data,burkina faso,world bank,,,,,
trainer-job,,jobs,trainer,,,,,,
hawaii,,nodes,hawaii,,,,,,
open-data-open-web-just-a-passing-fad,,odifridays,open web,,,,,,
food-for-thought-an-opportunity-to-champion-the-next-open-data-challenge,,article,open data challenge series,food open data challenge,food data,,,,
learning-courses,,courses,,,,,,,
the-data-reformation,,blog,thinking digital 2014,,,,,,
service-engagement-terms,,article,terms,service engagement terms,,,,,
discussing-digital-democracy,,blog,digital democracy,speaker’s commission on digital democracy,london technology week,,,,
nonexecutive-director,,jobs,,,,,,,
guest-post-the-business-case-for-open-data,,blog,business case,open for business,g20,,,,
martin-tisne,,person,,,,,,,
3d-repo-ltd,,start-ups,3d repo,,,,,,
pesky-people,,start-ups,pesky people,,,,,,
opensensorsio,,start-ups,opensensors.io,,,,,,
friday-lunchtime-lecture-emergent-public-goods-an-idea-whose-time-has-come-again,,odifridays,,,,,,,
friday-lunchtime-lecture-open-wide-business-opportunities-and-risks-in-using-open-data,,odifridays,business case,,,,,,
paul-clark,,person,,,,,,,
guest-post-creating-value-from-open-data,,blog,universities,,,,,,
opendatasoft,,start-ups,opendatasoft,,,,,,
open-utility,,start-ups,open utility,,,,,,
seven-new-startups-join-the-odis-incubation-programme,,start-ups,startup programme,,,,,,
datapress,,start-ups,datapress,,,,,,
open-addresses-discovery-phase,,article,open addresses,,,,,,
new-open-data-powered-platform-for-community-energy-groups,,article,open data challenge series,community energy manager,,,,,
the-uk-needs-a-data-act-of-its-own,,blog,open data coalition,data act,,,,,
hugh-brooks,,person,,,,,,,
open-data-in-practice-16-18-september-2014,,courses,,,,,,,
keren-bowman,,person,,,,,,,
steps-towards-positive-government-civil-society-engagement-an-okfest-update,,article,events,okfest,partnership for open data,,,,
the-sharepsi-project-samos-summit-hosts-our-first-workshop,,blog,share-psi ,samos,,,,,
odi-leeds-summer-update-2014,,blog,nodes,leeds,,,,,
business-support-administrator-2,,jobs,,,,,,,
okfestival-2014,,blog,events,open knowledge festival 2014,okfest,,,,
an-introduction-to-grafter,,article,grafter,,,,,,
marking-up-your-dataset-with-dcat,,article,dcat,,,,,,
save-the-titanic-handson-anonymisation-and-risk-control-of-publishing-open-data,,article,anonymisation,okfest,,,,,
odi-startup-opendatasoft-partners-with-odis-north-carolina-node-balefire-global-to-create-smart-government-solutions,,article,start-ups,opendatasoft,north carolina,,,,
open-data-in-practice-24-december-2014,,courses,open data in practice,,,,,,
odi-startups-who-they-are-and-what-they-do-in-60-seconds,,article,start-ups,,,,,,
in-house-training,,article,in-house training,training,,,,,
open-data-in-a-day-25-november-2014,,courses,open data in a day,,,,,,
open-data-in-a-day-29-october-2014,,courses,open data in a day,,,,,,
odi-startup-opendatasoft-partners-with-odi-north-carolina,,article,start-ups,opendatasoft,north carolina,,,,
ian-henshaw,,person,,,,,,,
odi-startup-opendatasoft-partners-with-odis-north-carolina-node-to-create-smart-government-solutions,,article,start-ups,opendatasoft,north carolina,,,,
open-data-in-a-day-1-december-2014,,courses,open data in a day,,,,,,
finding-stories-in-open-data-7-october-2014,,courses,finding stories in open data,,,,,,
london-tech-innovators-ponder-links,,blog,london,tech,innovation,,,,
bryony-barrass,,person,team,,,,,,
deliverable-32-cross-platform-data-delivery-framework,,dapaas,,,,,,,
six-steps-for-open-data-publication-mexico,,article,mexico,data squad,,,,,
opendatasoft-partners-with-odis-north-carolina,,article,start-ups,opendatasoft,north carolina,,,,
rufus-pollock-calls-for-tact-as-open-world-grows,,blog,okfest,tactivism,open knowledge festival,,,,
tim-davies,,person,,,,,,,
guest-post-fifteen-open-data-insights-from-the-open-data-in-developing-countries-project,,blog,open data in developing countries project,oddc,,,,,
election-data-tables,,article,election data,european election data,deloitte,,,,
wikimania-growing-the-impact-of-open-data,,events,wikimania 2014,,,,,,
odi-summit-2014,,events,ODI summit,,,,,,
dawn-duhaney,,person,,,,,,,
excuse-me-where-is-the-toilet-open-data,,odifridays,toilet open data,,,,,,
research-scientist-research-engineer,,jobs,,,,,,,
open-data-and-democracy-answer-by-henri-verdier-mr-data-of-the-government,,article,democracy,open data and democracy,,,,,
friday-lunchtime-lecture-open-data-on-your-doorstep-for-the-city-by-the-city,,odifridays,,,,,,,
dapaas-faq,,dapaas,,,,,,,
deliverable-21-open-paas-requirements-design-architecture-and-specification,,dapaas,,,,,,,
uk-open-data-innovators-survey-2014,,blog,uk,survey,,,,,
kateryna-onyiliogwu,,person,Kateryna Onyiliogwu,,,,,,
carlina-george,,person,Carlina George,,,,,,
odi-startups-reveal-scale-of-council-spending-with-small-companies-for-the-first-time-open-data-analysis-shows-spend-as-low-as-4-of-total-budget-in-some,,start-ups,spend network,open corporates,spend small report,,,,
guest-post-trading-with-small-businesses,,article,start-ups,spend network,,,,,
ian-makgill,,person,Ian Makgill,,,,,,
anna-scott,,person,Anna Scott,,,,,,
friday-lunchtime-lecture-towards-an-open-energy-marketplace,,odifridays,energy data,,,,,,
deliverable-21-open-paas-requirements-design-and-architecture-specification,,dapaas,,,,,,,
deliverable-31-analysis-requirements-design-and-the-architecture-specification-for-the-data-access-framework,,dapaas,,,,,,,
friday-lunchtime-lecture-when-governments-open-up-who-manages-their-data,,odifridays,open government data,,,,,,
what-does-term-program-alignment-mean,,article ,program alignment,balefire global,,,,,
how-open-data-can-help-us-all-find-the-toilet,,article ,toilet open data,,,,,,
test-person,,person,,,,,,,
simon-bullmore,,person,Simon Bullmore,,,,,,
non-executive-director,,jobs,,,,,,,
ellen-broad,,person,Ellen Broad,,,,,,
sumika-sakanishi,,person,Sumika Sakanishi,,,,,,
adrian-philpott,,person,Adrian Philpott,,,,,,
open-paas-requirements-design-architecture-specification,,dapaas,,,,,,,
hr-assistant,,jobs,,,,,,,
dapaas-project-factsheet,,dapaas,,,,,,,
john-murray,,person,John Murray,,,,,,
what-is-open-data-video-production-commission,,video,what is open data,learning,,,,,
one-hundred-certificates-high-and-rising-open-data-certificates-now-and-the-future,,article,open data certificates,,,,,,
guest-post-open-data-is-for-small-business-too,,blog,small businesses,,,,,,
elpida-prasopoulou,,person,Elpida Prasopoulou,,,,,,
open-and-linked-data-meetup-24th-september-manchester,,event,meetup,linken data,,,,,
data-as-culture-latest-artworks-show-tech-sector-the-art-of-the-possible-and-push-the-boundaries-of-data-usage,,data as culture,art,james bridle,,,,,
data-certificates-for-users-health-information-exchange-news,,article,open data certificates,health information exchange,,,,,
resurgence,,start-ups,resurgence,,,,,,
estimating-the-cost-of-a-government-open-data-initiative,,article,partnership for open data,government open data,,,,,
first-french-chief-data-officer-announced-at-odi-paris,,article ,nodes,odi paris,chief data officer,,,,
big-and-open-government-data-just-got-real,,article,ckan,government open data,big data,data portals,,,
dapaas-manchester-meetup-september-2014,,event,,,,,,,
ruby-reding,,person,,,,,,,
how-can-data-science-prepare-cities-for-the-serendipity-of-human-beings,,blog,smart cities,future cities,,,,,
our-draft-submission-to-the-uk-consultation-on-reuse-of-public-sector-information,,article,re-use of public sector information,psi,,,,,
open-call-for-heritage-culture-challenge-champion,,open call,open data challenge series,heritage and culture challenge,,,,,
public-consultations,,article,,,,,,,
open-city-data-leeds-shows-us-how-its-done,,nodes,leeds data thing,smart cities,,,,,
speaker-profile-bill-thompson,,ODI summit,bill thompson,,,,,,
how-important-is-open-data-quality,,blog,,,,,,,
lack-of-open-data-in-latin-american-legislatures,,event,,,,,,,
sandra-elena,,person,Sandra Elena,,,,,,
resume-summer-2014-odi-gothenburg,Can't process resume-summer-2014-odi-gothenburg (Missing slug resume-summer-2014-odi-gothenburg),node,gothernburg,blog,,,,,
resume-summer-2014-odi-node-gothenburg,,node ,gothenburg,blog,,,,,
climate-change-4-ways-to-protect-cities-with-open-data,,article,world reconstruction conference,climate change,,,,,
mydex-data-services-community-interest-company,,member,mydex,blog,,,,,
deliverable-12-open-daas-prototype-v1,,dapaas,,,,,,,
coursesblocktest,,courses,,,,,,,
open-data-in-a-day-17-19-march-2015,,courses,open data in a day,,,,,,
open-data-in-practice-17-19-march-2015,Can't process open-data-in-practice-17-19-march-2015 (Missing slug open-data-in-practice-17-19-march-2015),courses,open data in practice,,,,,,
open-data-in-a-day-24-march-201556,Can't process open-data-in-a-day-24-march-201556 (Missing slug open-data-in-a-day-24-march-201556),courses,open data in a day,,,,,,
odileeds-training-learning,,nodes,odi leeds,,,,,,
the-open-data-barometer-the-performance-of-arab-countries-12,Can't process the-open-data-barometer-the-performance-of-arab-countries-12 (Missing slug the-open-data-barometer-the-performance-of-arab-countries-12),open data barometer,arab countries,blog,,,,,
the-open-data-barometer-the-performance-of-arab-countries-part1,Can't process the-open-data-barometer-the-performance-of-arab-countries-part1 (Missing slug the-open-data-barometer-the-performance-of-arab-countries-part1),open data barometer,arab countries,blog,,,,,
the-open-data-barometer-the-performance-of-arab-countries-1of2,Can't process the-open-data-barometer-the-performance-of-arab-countries-1of2 (Missing slug the-open-data-barometer-the-performance-of-arab-countries-1of2),open data barometer,arab countries,blog,,,,,
procurement-open-data-30-march-2015,Can't process procurement-open-data-30-march-2015 (Missing slug procurement-open-data-30-march-2015),courses,,,,,,,
the-open-data-barometer-a-review-of-the-arab-countries-performance-12,Can't process the-open-data-barometer-a-review-of-the-arab-countries-performance-12 (Missing slug the-open-data-barometer-a-review-of-the-arab-countries-performance-12),open data barometer,arab,blog,,,,,
luciana-sodre,,person,,,,,,,
maree-adshead,,person,,,,,,,
opening-up-large-data-sets-the-example-of-telecom-big-data-challenge,,blog,telecom,big data,,,,,
supporting-culture-change-through-elearning,,courses,elearning,,,,,,
open-data-in-a-day-4-august-2015,,courses,open data in a day,,,,,,
case-study-open-data-swirrl,,members,case study,swirrl,,,,,
alice,Can't process alice (Missing slug alice),person,,,,,,,
